title_target,pkg_name,title_all,description,matched
Proscenic,com.proscenic.smart.robot,Proscenic,Smart home,True
HYBRID SERIES,com.MisterRobot.Robot,HYBRID SERIES,Mister Robot C HYBRID SERIES Application,True
My smart+,com.myhome.smart.robot,My smart+,Smart home,True
Ultenic,com.ultenic.robot,Ultenic,Smart home,True
Roborock,com.roborock.smart,Roborock,The App can control Roborock vacuum cleaners from anywhere with rich features.,True
Kurumi Robot,com.kurumi.robot,Kurumi Robot,It's a mobile-side application that connects robot products.,True
Xbot Home,com.Xbot.robot,Xbot Home,you are replacing the traditional remote control with an intelligent robot control.,True
Grundig Robot,com.grundig.robot,Grundig Robot,It's a mobile-side application that connects robot products.,True
ROBOBUDDI,com.robobuddi.robot,ROBOBUDDI,"Smart Life, Smart Living",True
dreame APP,,,,False
PUDU Link APP,,,,False
科沃斯机器人APP,,,,False
아이닉 스마트 로봇,,,,False
MOVAhome,com.dreame.movahome,MOVAhome,"MOVAhome App is a professional cleaning management tool that developed specifically for MOVA robotic vacuum cleaners. Connect with your MOVA robot through MOVAhome App to remotely control and personalize the management of cleaning spaces and schedules, giving you control of your homes floor cleaning anytime, anywhere. Unlock a variety of advanced features with ease through the MOVAhome App:
Device Information: Monitor your robot in real-time to precisely track its cleaning progress and path, work status, any malfunctions or anomalies, and the lifespan of cleaning consumables.
Remote Control: Connect with the device to remotely control the robot, set cleaning schedules, and adjust various parameters such as water flow and suction power.
Zone Selection & Cleaning Customization: Select and customize cleaning areas through an intuitive map interface, pinpointing the exact locations you wish to clean.
Scheduled Cleaning: Set up timed cleaning appointments, and the robot will start the task at the designated time and autonomously return to its charging dock upon completion.
Home Mapping: Create a personalized home map with custom room names and divided areas, and plan settings like floor material and cleaning sequence to meet the needs of your family.
No-Go Zones: Set no-go zones on your map, ensuring that the robot avoids these areas during cleaning to prevent entry into designated off-limits spaces.
Firmware Upgrades: Update your robot to the latest firmware version with a single click through OTA technology, and be among the first to experience cutting-edge features.
Voice Connection: Register and log into the app to connect with your robot, enabling compatibility with third-party voice assistant platforms for convenient voice control functions.
Contact Us
? Email: aftersales@mova-tech.com
? Website: https://global.mova-tech.com/",True
Gausium APP,,,,False
MyNeato,,,,False
iRobot Home,,,,False
云鲸智能,,,,False
TESLA RoboStar,,,,False
懒猫同学,,,,False
AllyBot,com.iskyfly.washingrobot,AllyBot,Intelligent cleaning robot management platform,True
DJI Home,,,,False
robored,com.robored.robot,robored,The robored APP is a mobile application for the robored Robot Vacuum cleaner.,True
Nooie Robot,com.nooie.robot,Nooie Robot,always be there,True
Fakir Robot,com.fakir.robot,Fakir Robot,App for Fakir Robert R1. It helps to you while using the Robert R1.,True
Wero M8 Max,com.wero.robot,Wero M8 Max,He's So Smart,True
ECOVACS PRO,com.ecovacs.biz.tidalwave,ECOVACS PRO,ECOVACS PRO App is a application for connecting to ECOVACS commercial robots,True
Onex Robot,com.onex.robot,Onex Robot,Onex Robot is an application that connects to Onex cleaner robotic products.,True
아이닉,,,,False
RoboKit,com.kitfort.robot,RoboKit,Allows you to control Kitfort robots from mobile devices over Wi-Fi,True
RVB SmartBot,com.robot.bsrobot_new,RVB SmartBot,RVB SmartBot is an application that connects to TARA cleaner robotic products.,True
Milagrow Aguabot Robot,com.milagrow.robot,Milagrow Aguabot Robot,Milagrow Aguabot Robot is an application that connects robot with internet.,True
Coredy Robot,com.coredy.robot,Coredy Robot,Coredy Robot. Control your Coredy smart home devices from anywhere,True
원더스 다이나킹 R9,,,,False
MEDION® Robots,,,,False
ILIFE VAC,com.irobotix.ilife,ILIFE VAC,You can use ILIFE VAC to control the sweeping robot anytime and anywhere.,True
원더스 다이나킹 R6,,,,False
SILVERCREST SSRA1,com.ilife.iliferobot_784,SILVERCREST SSRA1,App Features,True
씽크에어 로봇청소기,,,,False
Vbot 智慧管家,,,,False
Rowenta Robots,com.groupeseb.aspirobot,Rowenta Robots,Launch a cleaning session and control your robot from anywhere with your app.,True
Kachaka,jp.pfrobotics.baku.android,Kachaka,Smart Furniture Platform,True
NETBOT LS22,com.irobotix.netbot,NETBOT LS22,NETBOT LS22 APP can control your Robot wherever you are and whenever you need,True
GUTREND VISION,com.gutrendvision.robot,GUTREND VISION,It's a mobile-side application that connects robot products.,True
Redroad,com.irobotix.redroad,Redroad,You can easily use Redroad to control the vacuum and mop robot.,True
EnroSmartXP,com.enro.EnroSmart,EnroSmartXP,EnroSmart Experience,True
Roomba Home,com.irobot.home.prime,Roomba Home,Premium floor cleaning robots,True
ZACO Robot,com.zacorobot_eu,ZACO Robot,"ZACO Robot is an application that connects to ZACO V5x, V85, A8s, A9s.",True
Xiaomi Robot Vacuum X20 Guide,com.xiaomirobotvacuumx20guide.virstzorg,Xiaomi Robot Vacuum X20 Guide,Get started today with xiaomi robot vacuum x20 guide - download our guide app.,True
Kärcher Home Robots,,,,False
ETA RAGGIO,com.ldrobot.tyetanew,ETA RAGGIO,ETA Raggio is the official application for robot vacuum cleaner ETA5225.,True
Vactidy,com.vactidy.robot,Vactidy,Smart home,True
ZACOHome,com.zaco.home.robot,ZACOHome,ZACOHome lets you control your ZACO robots,True
Lydsto,com.lydsto.robotvacuum,Lydsto,Robot Cleaner,True
Robot Vacuum Cleaner,com.arcelik.robot,Robot Vacuum Cleaner,A mobile application that connects to a robot vacuum cleaner.,True
Robot Vacuum Cleaner,com.CPZTApps.Robotvacuumcleaner,Robot Vacuum Cleaner,Unique vacuum cleaner robot simulator!,True
INXNI,com.inxni.robot,INXNI,Let go and create the future,True
Verefa Life,com.sz.verefa.sweeprobot,Verefa Life,Verefa Life App is a mobile application that connects to the smart Robot Vacuum.,True
KIRA Robots,com.karcher.kirarobots,KIRA Robots,"Schedule, map, adjust settings, and receive notifications effortlessly.",True
Zoef Robot Smart,zoefrobot.smart,Zoef Robot Smart,Dutch Quality Brand,True
DONI HOME APP,,,,False
Philips HomeRun Robot App,com.philips.da.philipsrobot,Philips HomeRun Robot App,"Maintain your spaces, your way. Set it up once, enjoy pristine floors and lawns.",True
BHDT VIETNAM ROBOTICS,com.robotics.baohanh,BHDT VIETNAM ROBOTICS,The application allows to look up genuine products sold by Vietnam Robotics,True
HonySmart,com.honiture.robotvaccum,HonySmart,HonySmart APP Remote Control Honiture Robot Vacuum,True
에브리봇 3i,,,,False
arnicahome,com.arnicahome.robot,arnicahome,It's a mobile-side application that connects robot products.,True
CLIEN-클리엔,,,,False
Sveabot,com.fjdynamics.robotcommon,Sveabot,Add and manage smart hardware products produced by Sveabot.,True
Newal Robot,com.newal.newalrobot,Newal Robot,lets you control your Newal robots,True
T10 Robot Vacuum & Mop,com.narwal.robot_gloabl,T10 Robot Vacuum & Mop,The T10 Robot Vacuum & Mop app is designed to make T10 robots easier to use.,True
ILIFE Clean,com.iliferobot.clean,ILIFE Clean,refresh your life,True
NetBot LS23,com.ldrobot.tynetbot,NetBot LS23,Smart Home,True
원더스 다이나킹 R7,,,,False
Dreamehome,,,,False
Milagrow Aguabot Robot,com.milagrow.robot,Milagrow Aguabot Robot,Milagrow Aguabot Robot is an application that connects robot with internet.,True
Xrobot Sweeper,com.inmotion.XrobotSweeper,Xrobot Sweeper,An one-stop management platform for artificial intelligence device.,True
Robotek X2,com.arzum.robotek,Robotek X2,It's a mobile-side application that connects robot products.,True
Robomaxx,com.inmotion.sweeprobot.ldrobot_m.robomaxx,Robomaxx,Robomaxx Robots exclusive Cloud Intelligent Remote Management.,True
ILIFERobot AS,com.ilife.iliferobot_as,ILIFERobot AS,ILIFERobot AS App,True
Mister Robot Air,com.misterrobot.air,Mister Robot Air,Live Differently with Mister Robot,True
Zyle Robotics,com.irobotix.Zyle.v1,Zyle Robotics,Zyle Robotics APP can control your Robot wherever you are and whenever you need,True
U Vacuum,com.ubtrobot.robotvacuum.overseas,U Vacuum,U Vacuum designed specifically for the UBPET V10 robot vacuum.,True
RedkeyRobot,com.irobotix.muchen,RedkeyRobot,RedkeyRobot APP can control your Robot wherever,True
AI-Bot,com.xbot.smart,AI-Bot,AI-Bot app is a platform for you to manage the pool cleaning robot.,True
RCV Home,com.irobotix.rcvhome.a330,RCV Home,RCV Home can control your Robot wherever you are and whenever you need,True
Zoef Robot,com.clean.robotic,Zoef Robot,The Zoef Robot APP is a mobile applicationthat connects to Zoef robot products.,True
Robot Vacuum for iRobot Roomba,,,,False
Atvel robots,com.atvel.robot,Atvel robots,It's an application that connects robot products.,True
HiRobot,com.haier.hirobot,HiRobot,HiRobot App is the mobile application of Haier's overseas robot products.,True
MAPPING WIFI,com.mapping.wifiX785,MAPPING WIFI,MAPPING WIFI - Mister Robot - HYBRID MAPPING WIFI Application,True
Mister Robot Touch,com.misterrobotcleaner.hmc,Mister Robot Touch,you can control Mister Robot by this App.,True
iRobot Home (Classic),com.irobot.home,iRobot Home (Classic),Control for iRobot products,True
Vactronic,com.vactronic.robot,Vactronic,Smart home,True
GAEMI (GAEMI-0 F),com.robotis.zip7h01Fms,GAEMI (GAEMI-0 F),An easy-to-use management app for checking and controlling robot status.,True
Poolmate Bot,com.chasing.poolrobot,Poolmate Bot,Intelligent and convenient; comprehensive cleaning,True
Robot Sweeper,com.grit.robotsweeper,Robot Sweeper,Smart apps for floor sweepers that customize your needs!,True
Lefant,com.yunshi.robotlife,Lefant,Lefant App is a mobile application to control Lefant Robotic Vacuum Cleaners.,True
ETA Navaggio,com.irobotix.eta,ETA Navaggio,Application for controlling the robotic vacuum cleaner ETA2228 and ETA4228.,True
My MIRAVAC,com.ldrobot.miravac,My MIRAVAC,To enjoy a new app-controlled cleaning experience.,True
Robot Vac,robot.Vac,Robot Vac,Kenmore Smart Robot Vacuum,True
AUTOBOT APP,com.autobot.new.fir,AUTOBOT APP,The APP can control your Robot wherever you are and whenever you need,True
Robotmaker,com.irobotix.thailand,Robotmaker,Robotmaker APP can control your Robot wherever you are and whenever you need,True
Autobot Robotics WiFi,com.autobot.mega,Autobot Robotics WiFi,The MEGA Robot APP is a mobile application that connects to MEGA robot products.,True
ETA AQUILO,com.irobotix.iot.ETA.DM3,ETA AQUILO,The official application for controlling the ETA7243 AQUILO robotic vacuum cleaner,True
Ecovacs Deebot Ozmo 950 Guide,com.ecovacsdeebotozmo950,Ecovacs Deebot Ozmo 950 Guide,Learn about Ecovacs Deebot Ozmo 950 Robot Vacuum Cleaner,True
Concept Robot,com.ldrobot.tyw2concept,Concept Robot,Ovldnte robotick vysava?e Concept s laserovou navigac,True
SNEG,com.misterrobotcleaner.sneg,SNEG,It can be used to control SNEG robots.,True
Unlock Seauto Robot,com.itonsoft.unlockseauto,Unlock Seauto Robot,"Unlock Seauto Robot APP is an APP for unlocking CRAB, switching modes",True
Autobot+,com.autobotplus.com,Autobot+,"Smart Home , Smart device",True
RVC connect,com.irobotix.wilfa,RVC connect,Designed to give you full control of your robot vacuum cleaner.,True
에브리봇 Q5,,,,False
iCLEBO O5,com.yujinrobot.iclebo,iCLEBO O5,Cleaning robot app for remote control,True
AUTOBOT ULTRA,com.zbeetles.autobot2,AUTOBOT ULTRA,cleaning partner creator of home aesthetics,True
icotech,com.irobotix.yosomi,icotech,Vacuum Cleaner,True
Commodore,com.irobotix.commodore,Commodore,With the Commodore app you can control your robot vacuum cleaner from anywhere.,True
eureka robot,,,,False
Robot vacuum cleaner - prank,,,,False
SwitchBot,,,,False
ECOVACS HOME,,,,False
CenoBots,com.cenobots.app,CenoBots,The APP of the CenoBots cleaning robot.,True
SharkClean,,,,False
Le Robot,,,,False
Matic Robots,,,,False
iVacuum Cleaner Robot Control,,,,False
Robot Admin,,,,False
YEEDI,,,,False
obode Life,,,,False
Robot Vacuum App,,,,False
Gausium Mobile,,,,False
Tennant Robotics,,,,False
Nilfisk Robotics,,,,False
Bluebot Robotics,com.bluebot.blbt,Bluebot Robotics,It's a mobile-side application that connects robot products.,True
Guide for Mi Robot Vacuum Mop,com.guideformirobotvacuummop.companyconsole1.guide.mi.robot.vacuum.mop,Guide for Mi Robot Vacuum Mop,"Guide for Mi Robot Vacuum Mop , know more about Mi Robot Vacuum Mop with guide",True
iHome Clean,com.ihome.robot,iHome Clean,The iHome Clean App gives you full control over your iHome AUTOVAC.,True
LEGEE-688,,,,False
Neabot,,,,False
coredy robot Guide,,,,False
Co-botic,com.ivac.cobotic,Co-botic,"Co-botic App is your home's intelligent hardware management platform. With the Co-botic App, you can complete the convenient and fast interaction between the mobile phone and the intelligent hardware, and realized the interconnection between the smart devices.
You and the smart life, only a distance from the Co-botic App.
Linked control, easy to use
Quickly grasp the addition and operation of devices to achieve interoperability between smart devices.
Personalized customization, as you like
Set up a personalized smart scene according to your own usage habits
Device sharing, fun to pass
Sharing equipment for family and friends, sharing the fun of technology.
Enjoy Co-botic App, Love Co-botic App",True
Xrobot App,,,,False
AtBot,,,,False
KOKOBOTS,,,,False
DoniHome,,,,False
Robot iVacuum: Home Cleaning,,,,False
Teendow,,,,False
OKP,,,,False
GSMART ROBOT,,,,False
Connect Robot Vacuum Cleaner,,,,False
ILIFEHOME,,,,False
POWERbot-E,,,,False
HG Robots,com.haiereurope.hg4,HG Robots,Hoover HG Robots Official App,True
EXTRAVIS,,,,False
Tuvacs,,,,False
SAMBA ROBOT,,,,False
Hrobot cleaner,,,,False
ROPVACNIC,,,,False
Neatsvor Home,,,,False
Kärcher Home Robots,,,,False
NoesisHome,,,,False
iBoto Smart,com.iboto.smart,iBoto Smart,iBoto,True
UWANT HOME,,,,False
INXNI HOME,,,,False
Conga 8090,,,,False
Mellerware,,,,False
Honor Choice,,,,False
Intelligent Robot Vacuums,,,,False
Romy Robot,,,,False
RVC 8000,com.RVC8000.Robot,RVC 8000,"App fr Ihren RVC 8000,steuern Sie ihren neuen Saugroboter bequem vom Smartphone",True
Peppermint Services,com.peppermintrobotics.serviceapp,Peppermint Services,Revolutionize Your Operations with the Peppermint Services App!,True
SENCOR,,,,False
惠而浦机器人,,,,False
Wimsha Robot,,,,False
BlitzWolf Clean,,,,False
Longto,,,,False
Silverstar Smart,,,,False
ePro Select,,,,False
UDEERAI,,,,False
SmartBot Solar,,,,False
H-MOTION,,,,False
FinluxBot,,,,False
Conga 5090,,,,False
AIRROBO,,,,False
DoniRobot,,,,False
睿联小匠,,,,False
bibrobotics,,,,False
HOBOT LEGEE,,,,False
360Robot,,,,False
FieldBots,,,,False
Klauben Cleanbot,,,,False
LionsClean V2,,,,False
Dirt Devil Clean,,,,False
Narwal Freo,,,,False
Homeland,com.taurus.homeland,Homeland,Program and control your robot vacuum cleaner,True
TECHNIMAX,com.technisat.android,TECHNIMAX,Control your TECHNIMAX vacuum robot,True
iGLASSBOT,com.timyerc.iglassbot,iGLASSBOT,Here is a App which can control window clean machine.,True
Robx,com.ls.robx,Robx,Robot Clean App,True
BlauBot,com.blaubot.bot,BlauBot,It's a mobile-side application that connects robot products.,True
AIBOT,,,,False
SAMBA ROBOT,,,,False
Airbot X40,com.piceacorp.dm4pro.airbot_new,Airbot X40,"Airbot, smart living, joyful life",True
Hitachi Robot RV-X,com.hitachi.bot,Hitachi Robot RV-X,It's a mobile-side application that connects robot products.,True
Robolta,,,,False
eufy Clean,,,,False
智能家居机器人,,,,False
格兰仕扫地机器人,,,,False
TIDY LIVING,,,,False
REDMOND Robot,,,,False
RobZone Robot,com.robzoneapp.android,RobZone Robot,"Robzone, vysaje i vyt?e za vs",True
RobZone,,,,False
Müben Home APP,,,,False
Beko Robot,,,,False
아이클레보 G7 Plus,,,,False
iCLEBO G,,,,False
Lauben Robot Vacuum,,,,False
SENSOR PLUS,com.sensorplus.plus,SENSOR PLUS,The APP is a mobile applicationthat connects to SENSOR PLUS robot products.,True
SS Robot,,,,False
Jinny20,,,,False
SENCOR Robotics,,,,False
Makita Robotic Cleaner DRC300,,,,False
Proscenic Robotic,,,,False
Boolean cloud,,,,False
ROB-Connect,,,,False
TABbot,com.tab.tabbot,TABbot,"Technology and advanced robots, clean without dead corners.",True
My Winny,com.wyindustry.poolcleanerbluetoothcontrol,My Winny,A Bluetooth controller for pool cleaning robot,True
TOPPERS,,,,False
国美小洁,,,,False
3i,,,,False
TATA Future,,,,False
邦果智能,,,,False
Robotic Vacuums,,,,False
TATA Home,,,,False
Zigma,com.eurocat.zigma,Zigma,Smart apps for floor sweepers that customize your needs!,True
TROUVER,,,,False
HKoenig_Robot,,,,False
에브리봇 홈,,,,False
에브리봇 Q9,,,,False
BOBOT LIFE,com.zbeetles.bobot,BOBOT LIFE,Redefine Household Cleaning,True
AICLE-에이클,,,,False
cvROBO,com.flexitrobo,cvROBO,Flexit app for control and monitoring of robot vacuum cleaner Flexit cvROBO,True
POWERbot-S,com.mzbots.android.powerbot,POWERbot-S,Connect your robot vacuum from anywhere using the POWERbot-S App.,True
HG5,com.haiereurope.hg5,HG5,Hoover HG5 Robot Official App,True
RoboKit,com.kitfort.robot,RoboKit,Allows you to control Kitfort robots from mobile devices over Wi-Fi,True
SENCOR CLEAN,,,,False
Sweeper & Power,,,,False
아이닉 스마트 로봇,,,,False
SUBLUE ROBOT,com.sublue.robot,SUBLUE ROBOT,"Wise Life, Enjoy Life",True
WYBOT,,,,False
Aiper,,,,False
ROBO POOL,,,,False
Hy-Clor Robot Cleaners,,,,False
Beatbot,,,,False
NemH2O,it.centrosistemi.nemh2o,NemH2O,"NEMH2O is an innovative robot, developed by the creators of Ambrogio Robot, in order to have a completely automatic pool cleaner.
NEMH2O is autonomous 365 days a year: with NEMH20 you dont need to clean the pool or resort to a winter cover.
NEMH2O requires no power cords and can also be used without a filter (using the existing filters in each pool), he gets recharged through induction directly by itself in the water and programmed via bluetooth (software upgradeable via APP).",True
Mypoolbot,cn.bwt.poolrobot,Mypoolbot,Easily manage your pool cleaning robots with the Mypoolbot app.,True
TWOTOO ,com.irobotix.twotoo,TWOTOO,You can easily use TWOTOO to control the sweeping robot.,True
MyDolphin Plus,,,,False
MyDolphin,,,,False
POZIE Robot Cleaners,,,,False
DolphinTech Plus,,,,False
WYRobot,,,,False
Pool Robot,,,,False
iGarden Robotics,,,,False
Inopool Latitude,,,,False
SMOROBOT,,,,False
AQUACLEAN,,,,False
SMOROBOT app,,,,False
Zetta RC,,,,False
Prowler 930 – Kreepy Krauly,,,,False
Prowler RC,,,,False
LadyBot,,,,False
Aquabot RC,,,,False
BWT RC,,,,False
Fanttik,,,,False
大头阿亮客户端 ,,,,False
小丽App,,,,False
GAEMI (일개미),,,,False
Aeolus Instant,,,,False
PadBot Admin,,,,False
"Pocket DONI
掌上杜尼APP",,,,False
MassageRobot,,,,False
Moorebot Scout,,,,False
Home-I MV,,,,False
YOGO楼大大,,,,False
Keenon Robotics,,,,False
攀朗机器人,,,,False
temi app,,,,False
로보이츠 (ROBOEATS),,,,False
CLOi Station,,,,False
Robint,,,,False
CLOi Station for Logistics,,,,False
Sunseeker Robot,com.sunseeker.robot,Sunseeker Robot,"Smart lawn mower, Bluetooth remote control, Map editing, Scheduled tasks",True
Mammotion,com.agilexrobotics,Mammotion,Setting up Luba has never been so easy!,True
Automower Connect,com.husqvarna.automowerconnect,Automower Connect,Automower? Connect allows you control of your Husqvarna robotic lawnmower,True
TerraMow,com.roboterra.app,TerraMow,Take full control of your TerraMow robots with the dedicated app.,True
My Robot Wiper,it.centrosistemi.niko,My Robot Wiper,"My Robot Wiper, its easy and fun!
My Robot Wiper is specifically created for Wiper Robot customers, to let them have a useful and fun experience with their lawn mower.
EASY SETTING C easily set up all the settings directly from your smartphone. (Now available only for the model Yard L400)
HAVE FUN C drive Wiper Robot manually through your garden and play with your family and friends!
BE UPDATED C stay tuned with the latest updates and upgrade your Wiper Robot directly through your app.
** IMPORTANT **
The Update function is not available for all mower.",True
NEXMOW,com.ursrobot.nexmowapp,NEXMOW,NEXMOW is ready to be your partner!,True
Ambrogio Remote,it.centrosistemi.ambrogioremote,Ambrogio Remote,"AMBROGIO REMOTE is specifically created for Ambrogio customers, to let them have a more userfriendly and interactive experience with their robotic lawn mower.
EASY SETTING  C Easily set up all the settings directly from your smartphone.
BE UPDATE  CStay tuned with the latest updates and upgrade your Ambrogio  directly through your App. Download manuals.
HAVE FUN C Drive Tech Robot manually through your garden and play with your family and friends.
REMOTE CONTROL C For latest mower. Connect and interact with the robot every time and everywhere.  Verify location isolate and/or work on specific areas of the garden, monitor the status of the robot and receive alerts when it comes out of the garden.",True
Navimow,com.segway.mower,Navimow,"Segway Navimow is an advanced robotic mower that uses a virtual boundary, eliminating the need for complicated perimeter wiring. Easy to operate and manage, Navimow gives you more free time to do the things you love and an effortlessly impeccable lawn with every use.
With the help of Navimow app, you can:
1. Easily install and activate the device by following the detailed tutorials.
2. Create a virtual working zone for your mower. Understand your lawn area and create a corresponding map. Just remote control the mower to set up the boundary, off-limit area, and channel. Even multiple lawn areas can be managed at your fingertip.
3. Set the mowing schedule. You can either choose to use the recommended schedule auto-generated based on your preferences or select the mowing time by yourself.
4. Monitor the mower at any time. You can check the mower status, mowing progress, remote control the mower to start or stop working whenever you want.
5. Personalize features and settings. Features like the cutting height, work mode can be adjusted with just a few clicks.
Should you have any questions or suggestions, feel free to send an Email to: support-navimow@rlm.segway.com
To know more about Navimow models and technical details, please visit our website: https://navimow.segway.com",True
robobuddy,,,,False
Stiga Autoclip robots,,,,False
U Mower,com.ubtrobot.lawnmower,U Mower,"U Mower, Enjoy Smart Mowing",True
Kress Mission,com.kressrobotik.mission,Kress Mission,Your lawn at your fingertips,True
ECHO Robotics,com.echorobotics.mobileapp,ECHO Robotics,Mobile Application to control your robot,True
BWT Robotics,com.bwt.robotics,BWT Robotics,Control your BWT cleaning robots effortlessly with the BWT Robotics app.,True
Belrobotics,com.belrobotics.mobileapp,Belrobotics,Mobile Application to control your robot,True
Intelligent Mower,com.ldrobot.aws.cropper.common,Intelligent Mower,Intelligent maintenance,True
novabot,,,,False
R HOME,,,,False
robocore,,,,False
EGROBOT,com.box.android.smarthome.gcj.egrobot,EGROBOT,"Robot lawn mower:Let robot lawn mower work,enjoy your life.",True
Kärcher Outdoor Robots,,,,False
Scythe Robotics,com.scytherobotics.takeout,Scythe Robotics,"Stay ahead of your mow with Scythe Robotics- mow, map, and monitor on the go!",True
Carbon Robotics Companion,com.carbonrobotics.companion,Carbon Robotics Companion,Mobile app for LaserWeeder,True
Belrobotics Connect,com.belrobotics.connect,Belrobotics Connect,Control your BM-850 instantaneously from anywhere.,True
Fulcrum Robotics,,,,False
Yarbo,,,,False
ISWARD-Robotic Lawn Mower,,,,False
robotic-mower connect,,,,False
TarraBot Pro,,,,False
Sensori Robot Controller,,,,False
Wiper Service,,,,False
Robotic Mower,,,,False
ayi robot,,,,False
Sunseeker Robot,com.sunseeker.robot,Sunseeker Robot,"Smart lawn mower, Bluetooth remote control, Map editing, Scheduled tasks",True
ANTHBOT Genie,com.anthbot.genie,ANTHBOT Genie,Plug-and-Play Smart Robot Lawn Mower.,True
Mowox,com.dayepower.MOWOXROBOT,Mowox,Application for smart grass cutting machines,True
Eurogreen,,,,False
Eurogreen connect,,,,False
TurfPro Connect,,,,False
ROBOT 2 MOW,,,,False
FJD Landscaping,,,,False
RMconnect,,,,False
STIGA.GO,,,,False
G-Force Robot,,,,False
Goatbot-GOAT BOT Lawn Mower,cn.goatbot.app,Goatbot-GOAT BOT Lawn Mower,Elevate your lawn game with Goatbot.,True
CubCadet XR 2.0,,,,False
Wolf Garten Loopo 2.0,,,,False
Robot Mower,,,,False
NEXMOW 2.0,,,,False
AutoMowing,,,,False
Mowap,com.bugull.summeidamowerwifi,Mowap,The Mowap APP allows you to control your  robotic lawnmower.,True
G2 MOW,,,,False
Volta AI,,,,False
Landroid,,,,False
Rugged Robot,com.tts.ruggedrobot,Rugged Robot,"Control the Rugged Robot, the latest addition to the TTS floor robot family.",True
Robomow 3.0,com.robomow3.robomow,Robomow 3.0,Full control of your RK and RT robotic mower at the tip of your fingers.,True
Powerplus Mower POWDPG6010,com.varo.powerplus2.android,Powerplus Mower POWDPG6010,Easily control your robot mower from a distance with the official Powerplus app.,True
McCulloch ROB,,,,False
KY FPV,,,,False
UDIRC drone,com.udirc.drone,UDIRC drone,"This flight control APP is developed by Udirc Toys Industrial Co.,Ltd.",True
Rainbow for DJI Drones,com.rainbow.drone,Rainbow for DJI Drones,An app to unlock power of your DJI Drones(Mavic Mini2/air2s etc.) with Rainbow,True
X-Hubsan 2,com.hubsan.drone,X-Hubsan 2,Flight Control SoftwareFPVMapAircraft,True
UgCS for DJI,com.ugcs.android.vsm.dji,UgCS for DJI,App to establish a connection between DJI drone and UgCS desktop ground station,True
RC FUN,com.vison.macrochip.gps.uav,RC FUN,An app we can control a quadcopter to fly with a WiFi camera module,True
Ruko Pro,com.vison.macrochip.ruko.drone.f11,Ruko Pro,An app we can control a quadcopter to fly with a WiFi camera module,True
RUKO DRONE,com.vison.macrochip.ruko.drone,RUKO DRONE,An app we can control a quadcopter to fly with a WiFi camera module,True
DroneMagic,com.dji.GSDemo.InspectionSpecialist,DroneMagic,Works with DJI Drones to easily create and automate photo or video flight plans,True
Rippton Drone,com.rippton.zywl.drone,Rippton Drone,Bait Dropping Drone,True
FJD Trion Scan,com.lidar.fjd,FJD Trion Scan,Used to connect and use FJDynamics 3D LIDAR Scanner products,True
Autel Sky,,,,False
Autel Explorer,,,,False
Autel Explorer V2,,,,False
DJI GO 4,,,,False
DJI GO,,,,False
skydio,,,,False
Go Fly Drone Remote Controller,djifly.drone.gofly,Go Fly Drone Remote Controller,"Drone remote controller: Drone camera UAV fly app, Fly Go 4 Mavic Mini Air drone",True
Go Fly Drone Remote Controller,com.apponfire.android.droneapp,Go Fly Drone Remote Controller,Smart Drone Controller for 40+ Drone Models. Support app for Flying Drone Camera,True
Go Fly Drone Remote Controller,com.digitalcarkey.go.fly.drone.remote.controller.dji.phantom.mavic.air.mini.fpv,Go Fly Drone Remote Controller,"Smart remote for drone compatible 50+ models: Mavic, DJI, Mini, Phantom, FPV",True
Ameta Morpho,com.ameta.smart.drone,Ameta Morpho,Ameta Morpho makes it easy for you capture aerial photos quickly.,True
S5200 Drone,com.htself.S5200.drone,S5200 Drone,Take you the pleasure of aerial photography from different perspectives,True
Rainbow for DJI Mini3/Mini4,com.rainbow.drone.v5,Rainbow for DJI Mini3/Mini4,"Support DJI Mini4Pro/Mini3Pro,M30,Mavic 3E/3T, M4T and other industrial models.",True
Fly Go 4 App: Drone Controller,gofly.drone.djigo.droneapp,Fly Go 4 App: Drone Controller,"FPV drone simulator, Drone camera UAV performance, Airmap for drones detector",True
Fly Go for Drone models,dji.drone.go.fly.models,Fly Go for Drone models,Smart flight & camera control app for popular drone models,True
FALCONDRONE,com.vison.macrochip.falcon.drone,FALCONDRONE,Application to use the FALCON 4K drone from Multilaser.,True
Dronetag,cz.dronetag.app,Dronetag,Ensuring airspace safety for all pilots,True
DRONERESPONDERS,branded.m96aed29176e84e1e8460cb6ce37417a2.droneresponders,DRONERESPONDERS,The leading non-profit program advancing public safety UAS,True
DroneControl,,,,False
NETBOT LS22,com.irobotix.netbot,NETBOT LS22,NETBOT LS22 APP can control your Robot wherever you are and whenever you need,True
GoDrone,nl.lvnl.godrone,GoDrone,Where can I fly with my drone,True
VDA Drone,com.vdadrone,VDA Drone,An automated drone flight inspection app for your building inspection needs,True
HK88 Drone,com.netopsun.hk88drone,HK88 Drone,Easily control your HK88 drone and experience smart GPS flight.,True
DrisitDroneApp,com.drisit.drone_app,DrisitDroneApp,An app to stream video in real-time and control a drone over the internet,True
mdCockpit 2,com.microdrones.cockpit.easyone,mdCockpit 2,Mission planner and monitoring tool for Microdrones EasyOne/EasyOne NDAA UAVs.,True
Dazz Drones,,,,False
Drone Go2,com.hs.dronego,Drone Go2,Data read and write application operation of Holy Stone UAV RID equipment,True
mdCockpit,com.microdrones.cockpit,mdCockpit,Mission planner and monitoring tool for Microdrones md4-1000/md4-3000 UAVs.,True
Drone Tracker,com.deepmav.dronetracker.app,Drone Tracker,Visual tracking autonomous flight for DJI drones,True
360 Drone Booth,org.DroneBooth.app,360 Drone Booth,Revolutionizing 360 Spinner Photo Booths. Autonomous Drone Technology.,True
Drone Fly Pro: Go fly Drones,com.moniqtap.dji.drone.go.fly,Drone Fly Pro: Go fly Drones,"Drone Go Fly 4 controller, smart drone pilot app for your Drone. Go fly as pro",True
AeroGCS GREEN,com.aerogcs.aerogcsenterprise.hellodrone,AeroGCS GREEN,Agriculture spraying drone mission planning,True
M-DRONE,com.mjx.mdrone,M-DRONE,Drone control image transmission APP.,True
Drone Autonomy,com.deepmav.droneautonomy.parrot,Drone Autonomy,Autonomous drone flight for Parrot Anafi drones,True
Drone Autonomy,com.deepmav.droneautonomy.app,Drone Autonomy,Autonomous drone flight for DJI drones,True
Contixo F36,com.contixo.uav,Contixo F36,Contixo 4K Aerial Drone - Your Perfect Companion for Home and Travel Adventures!,True
4DRC GO,com.drcufo.rxdrone,4DRC GO,It mainly provides the function of connecting Drone,True
VTI 360 Skyview 2,com.xygps.rxdrone,VTI 360 Skyview 2,An interesting drone control APP,True
LH Drone,com.guanxu.technology.lh_drone,LH Drone,This APP can control the aircraft by WiFi of the Android smartphone.,True
X-DRONE,com.xdrone.app,X-DRONE,This app is used for a set of GPS Drone flight control.,True
Drone Remote Control Prank,com.sjajnoaplikerazvoj.droneremotecontrol,Drone Remote Control Prank,Remote control all drones brands all in one Drone RC with Drone Remote Control,True
DW Drone,com.hy.dw_drone,DW Drone,DW Drone Control APP,True
Drone Remote Controller,com.drone.remote.tracker,Drone Remote Controller,"Use the APP to remote drone, receive the view from the drone and take photos",True
Drone Remote Controller,com.fly.smart.drone,Drone Remote Controller,Use your phone as a drone controller.,True
Drone Remote Controller,com.dji.connrctors,Drone Remote Controller,Use your Phone as Drone Controller.,True
Lidl Quadrocopter,com.rxdrone.normalwifi,Lidl Quadrocopter,A drone pilot app,True
Go Fly Drone Camera Controller,com.smartwidgetlabs.djidrone,Go Fly Drone Camera Controller,"Smart Drone controller app for drone models, Flycam Go Fly app for drone, fly go",True
Gravitii,com.gravitii.uav_pro,Gravitii,This app supports Gravitii drones to meet the needs of aerial photography.,True
Drone Amplified,com.droneamplified.da,Drone Amplified,Amplify the capabilities of your DJI Drone,True
Drone Controller App Micro XDU,com.appzeeinc.micro_drone_remote_control_app,Drone Controller App Micro XDU,Turn your phone into a Bluetooth Drone controller for XDU Micro Drones Fly Easy!,True
Go Fly Drones D.J.I Controller,com.alabs.flycam.drone,Go Fly Drones D.J.I Controller,Take command of the skies with our intuitive drone D.J.I remote controller,True
Fly Go 4: Drone Camera Remote,com.smartremote.djiflydrone,Fly Go 4: Drone Camera Remote,"Remote controller for drone, UAV, camera. Available for RC, FPV.Camera drone app",True
Elite Drone,com.cooingdv.elitedrone,Elite Drone,This APP uses WIFI to transmit images to control drone flight.,True
ClearSpot-Inspections with DJI,org.clearspotai.app,ClearSpot-Inspections with DJI,Perfect app for drone pilots to experience smarter & powerful flying.,True
ENAIRE Drones,es.enaire.androiddrones,ENAIRE Drones,Plan your drone flight safely with ENAIRE Drones,True
DRONE-UAV,com.lcfld.droneuav,DRONE-UAV,This is a connection and control drone APP.,True
SKY Drone Go,com.lcfld.skydronego,SKY Drone Go,The app is dedicated to SKYDroneGo series drones.,True
HF Cam,com.hfcam.rxdrone,HF Cam,Mainly provide the function of connecting drones,True
Crazyflie Drone Remote Control,org.appzeeinc.droneremotecontrol_crazyflie,Crazyflie Drone Remote Control,Control your Crazyflie drone! Intuitive FPV remote controller app for all pilots,True
Contixo Drone RX,com.contixo.rxdrone,Contixo Drone RX,We can control the quadcopter application,True
Fly Go 4 Drone Camera Control,com.apponfire.android.drone5,Fly Go 4 Drone Camera Control,"Safe & smart flight with Go Fly drone controller for 40+ drone camera, zone map",True
One Click Drone,,,,False
Aerodrone,com.lcfld.aerodrone,Aerodrone,"This is a connection and control drone APP, Dedicated to Aerodrone drones.",True
Flying MAX,com.lcfld.dronepro,Flying MAX,This is an APP that connects and controls the drone via WiFi.,True
Pluto Controller,,,,False
DF Drone,com.gx_df_drone,DF Drone,This APP can control the aircraft by WiFi of the Android smartphone.,True
Mahestan 62,com.lcfld.irdronego,Mahestan 62,"The app is dedicated to ""Mahestan 62"" series drone.",True
Arduino Drone Remote Control,com.appzeeinc.droneremotecontrolforarduinodrones,Arduino Drone Remote Control,Control Arduino drone via WIFI! Perfect Drone RC for DIY quadcopter projects,True
UGO drone,com.guanxu.technology.ugo_drone,UGO drone,This APP can control the aircraft by WiFi of the Android smartphone.,True
Hero Drone,com.guanxu.technology.hero_drone,Hero Drone,This APP can control the aircraft by WiFi of the Android smartphone.,True
RxDrone,com.rxmap.rxdrone,RxDrone,"Drone shooting,control",True
GPS Drone,,,,False
Botlink Capture Drone App,,,,False
360 MachFlight,com.rxdrone.wififlight,360 MachFlight,It is suitable for the drone sold by our company.,True
Tello Drone Controller App,com.sjajnoaplikerazvoj.Tello_drone_remote_controller,Tello Drone Controller App,Control your Tello drone with Real-time video object detection drone controller,True
Fly EXO 2,com.flyexo.drone,Fly EXO 2,The app to fly the EXO Blackhawk drone.,True
HK55 DRONE GO,com.lwcx.hk55dronego,HK55 DRONE GO,This is a APP for the four axis aircraft control via WiFi protocol.,True
Drones for DJI,,,,False
AMETA Drone,com.lwcx.ametadrone,AMETA Drone,AMETA Drone is specially designed for drone beginners,True
Skippy Scout,,,,False
SidePilot,,,,False
Potensic,,,,False
Raspberry PI Drone Controller,com.appzeeinc.droneremotecontrol.droneflightcontroller,Raspberry PI Drone Controller,Control Raspberry Pi drones with your phone! Drone RC & Flight Controller app,True
MFD GO,,,,False
Rippton Drone,com.rippton.zywl.drone,Rippton Drone,Bait Dropping Drone,True
Drone Go2,com.hs.dronego,Drone Go2,Data read and write application operation of Holy Stone UAV RID equipment,True
HS FLY,,,,False
HS GPS,,,,False
RUKO DRONE,com.vison.macrochip.ruko.drone,RUKO DRONE,An app we can control a quadcopter to fly with a WiFi camera module,True
Bwine Drone,,,,False
Geneinno,,,,False
WK Fly,org.mavlink.WKFurious,WK Fly,An application for communicating with Walkera aircraft,True
RC FPV,com.cooingdv.rcfpv,RC FPV,RC FPV uses high-definition image transmission to control the quadcopter.,True
Ophelia GO,,,,False
Ophelia FLY,,,,False
,,,,False
HS GPS V1、V4、V5,,,,False
HS Sirius,,,,False
HolyStone-FPV,,,,False
PiHOT Go,,,,False
X DRONE PRO,,,,False
Contixo F35,,,,False
Potensic Eve,,,,False
PotensicPro,,,,False
WiFi UAV,,,,False
TRB FPV,com.lcfld.trbfpv,TRB FPV,The application is used to connect and operate the drone.,True
HASAKEE Q10,,,,False
4DRC Air,,,,False
YN Fly,,,,False
Youcan Dive,,,,False
Oceaneye,,,,False
BZR DRONE,com.bzrufo.rxdrone,BZR DRONE,BZR DRONE is an APP specifically designed to connect BZR drones,True
HR WIFI,com.hrwifi.rxdrone,HR WIFI,"This is a remote control app that controls the drone, which can replace the function of the remote control and save the video to the phone.",True
MIDRONE 420,com.netopsun.midrone420,MIDRONE 420,MIDRONE VISION 420 can control the aircraft by WiFi of the Android smartphone.,True
小米无人机,,,,False
KAI FLY,com.rxdrone.gpskai,KAI FLY,Connect and control the aircraft via WIFI.,True
大疆农服,,,,False
Spexi,,,,False
Fly Go 4: Drone Controller App,org.milkyapps.djicontroller,Fly Go 4: Drone Controller App,Drone Controller for 40+ DJI? Models. Unlock full potential of your DJI? drone,True
Smart Drone,com.guanxu.technology.my_drone,Smart Drone,This APP can control the aircraft by WiFi of the Android smartphone.,True
DRONI,com.garudaaerospace.DRONI,DRONI,DRONI APP,True
Vivitar Folding Drone,com.guanxu.technology.vivitar_folding_drone,Vivitar Folding Drone,Control the aircraft through the WiFi of the Android smartphone.,True
Rippton Drone,com.rippton.zywl.drone,Rippton Drone,Bait Dropping Drone,True
Loona,com.keyitech.loona,Loona,"PetBot - A Pet, A Robot, A Friend",True
Cyber Robot,it.clementoni.robot,Cyber Robot,Discover the principles of Robotics and programming with Cyber Robot!,True
Apitor Kit,com.robot.apitor,Apitor Kit,"Build, control, code",True
KEIRO™,,,,False
Yanshee,,,,False
蔚蓝机器狗,,,,False
WEILAN dev,,,,False
Yahboom Robot,com.yahboomrobot,Yahboom Robot,A Fantastic App For Robot Control From Yahboom,True
SenseRobot,com.senserobot.chessintl,SenseRobot,"Game,accompany,eye protection",True
AIRO,it.clementoni.robot.airo,AIRO,AIRO - Artificial Intelligence Robot,True
UGOT,com.ubtechinc.ugot,UGOT,This is an app used with UGOT modular robots.,True
Meteer,com.robot.meteer,Meteer,This is a control tool for the Meteer robot,True
XGO,com.luwu.xgo_robot,XGO,Quadruped robot XGO controller,True
Robooter,com.bangbangrobotics.banghui.google,Robooter,Bangbang Robot,True
WhalesBot,,,,False
CellRobot,,,,False
MiPosaur,,,,False
ClicBot,,,,False
Robosen Flagship Bumblebee,,,,False
AlphaMini,com.ubtechinc.alpha.mini.edu,AlphaMini,"Robot programming, robot control, account management and robot information.",True
Humanpanion,,,,False
Vector Robot,,,,False
AIBOTGO,,,,False
MechDog,,,,False
Raccoon - 라쿤 조이스틱,,,,False
Lynx Robot,,,,False
AELOS 1S,,,,False
Cozmo Robot,,,,False
Doly Robot,,,,False
SenseRobot Go,,,,False
MIRO,,,,False
CHiP - Your New Best Friend,,,,False
Misty App,,,,False
Artibo Manager,,,,False
Tennibot,,,,False
小丹玩转基地,,,,False
XORIGIN AI,,,,False
Rapidpower,com.zhongrun.robotdog,Rapidpower,Rapidpower for controlling smart Bluetooth robotic dog toys,True
 Fuzozo芙崽,,,,False
Power Pong Robot,org.powerpong.robot,Power Pong Robot,Create and run table tennis drills with the Power Pong robot!,True
Wolf-e Robotics Platform,com.wolfe.robotics,Wolf-e Robotics Platform,Control and manage Wolf-e Robotics devices,True
LoLo Go,,,,False
Revolution Robotics,org.revolutionrobotics.robotcontroller,Revolution Robotics,"Build, Sync, Transform and Command Your Robotics in a Flash!",True
Robot CRX FANUC,com.crx.fanuc,Robot CRX FANUC,"Even before your cobot is delivered to your company, the CRX FANUC app guides you through a new automation experience through a series of initiation modules:
-Discovery of the CRX cobot
- Unpacking and starting your cobot
- Step-by-step learning, in video, of the different functionalities
Le Fil dActu is regularly fed with articles or videos concerning the latest developments and updates of the CRX cobot. Don't forget to activate notifications to be informed in preview!
Lacking inspiration to increase your productivity and guarantee the well-being of your employees? The Practical Cases section will certainly give you ideas thanks to the feedback from our customers.
Among the other features of the CRX FANUC app, you will also find:
-Technical documentation
-The catalog of accessories compatible with the CRX
-Information on the CRX Expert training
-CRX-related events (fairs, webinars, technical days)
So don't wait any longer to join the CRX FANUC user community!",True
Marbel Robots,,,,False
Marlin,it.centrosistemi.marlin,Marlin,"Marlin, the revolutionary wireless & autonomous pool-cleaning robot!!",True
Robotberry,com.aifarm.robotberry,Robotberry,An offline robot controller app,True
EEVE,,,,False
VandiPlay(반디플레이),,,,False
Naio Companion,,,,False
Solinftec Solix,,,,False
Octiva,,,,False
Farmdroid App,,,,False
iRemoteFishing,,,,False
Kilter Remote,,,,False
MonarchUAT,,,,False
WingspanAI,,,,False
NexusMT,,,,False
NiteAura,com.Linkface.NiteAura,NiteAura,NiteAura - Smart Sleep Tracking & ComfortAir Mask Control,True
Hypershell+,,,,False
myo-plus,,,,False
BR 仿生手,,,,False
轻凌,,,,False
VIGX,,,,False
ConchinAssist,,,,False
,,,,False
Bioservo,com.bioservo.biocloud.app,Bioservo,"The Bioservo app is used to manage?the grip-strengthening gloves Ironhand and Carbonhand from Bioservo Technologies.
In the app, you can?customize?the gloves according to the user's needs and keep track of your Ironhand systems.
Functions for Carbonhand
When using Carbonhand, the Bioservo app is used to customize the glove for a specific user.
The main features are:
- Calibrating the glove to fit the users hand.
- Configure features like responsiveness, force and stickiness, as well as linking sensors to different fingers, all of which can be saved in profiles to be used for different tasks.
- Assign profiles to the three slots in the physical user interface.
- Activate/deactivate the Lock assist function.
- Enable an external button for activating the glove.",True
Shift Robotics,com.shiftrobotics.android,Shift Robotics,AI-enhanced mobility,True
Bioservo Carbonhand App,com.bioservo.app,Bioservo Carbonhand App,"Carbonhand is an innovative and user-friendly grip enhancing glove. This app is designed to be used with this glove in order to tailor its functionality to suit the wearer's needs. In the app, you can find presets and also create your own settings. The app can only be used together with the Carbonhand from Bioservo. To learn more, visit: http://www.bioservo.com",True
Remote Control App for ALLUX2,com.companyname.ALLUXRemoteController,Remote Control App for ALLUX2,"Using this app, You can easily switch to 5 different walking modes.",True
ZYY_HEXO,,,,False
Cockpit,com.ottobock.prosthetics.ll.cockpit,Cockpit,Adjust prostheses and orthoses,True
connectgrip. by ottobock.,,,,False
Unitree Explore,,,,False
Unitree Go1 GO2 ,,,,False
A1/AlienGo,,,,False
AgileX LIMO,,,,False
Booster Robotics,,,,False
绝影lite3 APP,,,,False
绝影lite2 APP,,,,False
AgiBot GO APP,,,,False
MagicBot,,,,False
MagicDog,,,,False
cyberdog APP,,,,False
有鹿机器人,,,,False
WEILAN,,,,False
Robot Assist,com.abb.robotassist,Robot Assist,Get easy access to ABB cobot resources.,True
CyberDog2,,,,False
Kiwibot,,,,False
Unitree Go,com.unitree.doggo2,Unitree Go,Unitree Go is an exclusive App for consumer-level robotdog,True
Arm Robot Control Makerslab,appinventor.ai_makerslabfablab.Arm_Robot_Control,Arm Robot Control Makerslab,Control your 6-motor Robotic Arms with Arduino and Bluetooth,True
ABB Infoservice,com.abb.infoservice,ABB Infoservice,ABB Robots Management,True
ST Robotics,com.st.robotics,ST Robotics,ST Robotics Application for scanning and controlling robotic kits.,True
Carle,com.ihunuo.jtlrobot,Carle,This is an App that controls robots through mobile phones,True
BT Robot Controller,,,,False
Aelos,,,,False
Rapidpower,com.zhongrun.robotdog,Rapidpower,Rapidpower for controlling smart Bluetooth robotic dog toys,True
AimMaster,,,,False
INFFNI ROVER,,,,False
Dobot CRStudio,,,,False
WonderROS,com.hiwonder.wonderros,WonderROS,"This app is used to control Hiwonder's robots,support AiNex,ROSLander,ROSpug,ROSpider",True
Wonderbot,com.Wonder.bot,Wonderbot,"This app is used to control hiwonder robots, such as H5S,xArm,Spiderbot,MaxArm",True
Wonderbit,,,,False
WonderArm,,,,False
WonderPi,,,,False
WonderCom,,,,False
AiMecha,,,,False
WonderAi,,,,False
WonderNex,,,,False
UR+ AR,,,,False
